texto,real,pred_base,pred_finetuned,pred_frozen
i was in the firm i feel passionate about what i am doing because it challenges my mind and intellect to solve some design problems and be around architects and designers really helped to create a conducive environment,love,fear,love,joy
i can feel innocent cuz i aint mean n bitchy,joy,fear,joy,sadness
i feel cranky already,anger,fear,anger,sadness
i am responsible for picking a man who on occasion reminds me of people from my past like my mom and i threaten myself i can break this pattern by conducting myself in a different way even when i feel scared because deep down i know he s a good man,fear,fear,fear,sadness
i can feel rejected just because someone needs to sleep,sadness,fear,sadness,sadness
i recognize that the fear im feeling is not from the lord and does not come from a place that is trusting and hoping only in the lord,joy,fear,joy,joy
i feel unprotected if i do though,fear,fear,fear,joy
i got contact lenses the other day and am trying to get used to them i feel like my face looks really weird without glasses and its so strange when i see myself from a distance,surprise,fear,fear,sadness
i find when i look at things in this way i deal with the situation better and do not feel as agitated,fear,fear,anger,sadness
i feel like that enables her rotten ass even more but i am at a total,sadness,fear,sadness,sadness
i hope that i look back on this in the future and feel glad i documented all her small ways and feel if possible even more love for her than i do now,joy,fear,joy,joy
im feeling frantic i try to remember to breathe and laugh,fear,fear,fear,sadness
im feeling romantic lately so i decided to go with this nail design,love,fear,love,joy
i was feeling pretty discontent after that,sadness,fear,sadness,sadness
i anger people because when i feel agitated with something i get frantic and speak fast and snippy,fear,fear,anger,sadness
i think his uniform and glove make him feel very important too,joy,fear,joy,joy
i feel like hiding to prevent others from exposure to my decidedly unpleasant expression of anti christmas cheer or the bah humbugs as i like to call it,sadness,fear,sadness,sadness
i can feel it physically sort of aching and now im kind of expecting a response i dont know what it would say but ive got a good idea,sadness,fear,sadness,sadness
i wont go on about the anxieties i am feeling about this is being as neurotic as me about this,fear,fear,fear,joy
i feel selfish but she would insist,anger,fear,anger,sadness
i say his helpless the phone muttered the i love you love his feeling always feel very sweet always feel to have him with me i nothing a person undertaking no matter where there is a he,love,fear,love,joy
i had a dream in which i was infuriated with my husband and so i woke up feeling infuriated with him but unfortunately a i couldnt remember the substance of the dream so i couldnt adequately express myself and b it was just a stupid dream,anger,fear,anger,sadness
im feeling wildly supportive as i swallow my tension that every single other five year old i know of not only knows his letters but knows them backward,love,fear,love,joy
i feel loved by family and smiled at by friends,love,fear,love,joy
i was feeling anything but adventurous and stuck with comfort zone and ordered mcdonalds,joy,fear,joy,joy
i feel resentful and really work that resentment until i blow up,anger,fear,anger,sadness
i feel proud about her,joy,fear,joy,joy
im not sure if what im feeling is so extremely vulnerable or now that i feel so depressed and sad,fear,fear,sadness,sadness
i hope not pagetitle khatsii feeling fearful,fear,fear,fear,joy
i feel so relieved but at the same time i feel so lost,joy,fear,joy,sadness
im feeling a little smug this evening,joy,fear,joy,joy
i still post them because a i feel neglectful if i dont do anything on a site at least every once in awhile and b,sadness,fear,sadness,joy
i feel rude bring my own fridge i do eat food but i guess my option,anger,fear,anger,joy
i like earreading audiobooks so much because they make me feel productive by getting reading done while im doing other things like driving,joy,fear,joy,joy
i am feeling incredibly thankful for my family,joy,fear,joy,joy
i want to not feel angry because i haven t the right to feel that way,anger,fear,anger,sadness
i feel so burdened as if something is holding me still and weighing me down,sadness,fear,sadness,sadness
i like to keep them on hand when i m feeling not so brave or extraordinary,joy,fear,joy,joy
i feel glad and enthusiastic about the point of sand snorkeling,joy,fear,joy,joy
i really hope you guys can understand that some of the things i do is really because i feel either rejected or not right at the place,sadness,fear,sadness,sadness
i feel stressed always,sadness,fear,sadness,sadness
i feel crappy actually,sadness,fear,sadness,sadness
i feel remorseful but i am not ready to die and i do not look in the mirror,sadness,fear,sadness,sadness
i suggest you give it a listen i feel like i am blessed,love,fear,joy,joy
i feel the need to emphasize these things at the moment because of how grumpy i have been this last week,anger,fear,anger,sadness
i wish i could help take the pain and anguish these families must be feeling innocent children killed while in school where they should be safe,joy,fear,joy,sadness
i feel accepted for who i am,love,fear,joy,joy
i wish i did more of because every time i do i come away feeling invigorated and inspired,joy,fear,joy,joy
im meant to feel longing,love,fear,love,sadness
i feel like we all have somehow convinced ourselves that these really pointless events somehow mean everything to us,joy,fear,sadness,sadness
i woke up the morning of our hike feeling jubilant,joy,fear,joy,joy
i feel honored to have been on the show and my students were very excited for me giardina said,joy,fear,joy,joy
i wish things didn t feel so strange so out of place,fear,fear,surprise,sadness
i feel the market is in a somewhat dangerous position for traders who end up on the wrong side right now,anger,fear,anger,joy
i feel so frightened i just wanted to document the way i m feeling,fear,fear,fear,sadness
i kali ni feeling aku dah bertukar jadi boring benci,sadness,fear,sadness,joy
i would stay in charge thereby helping z to feel safe yet at the same time be nurturing and loving,joy,fear,joy,joy
i feel lethargic unmotivated needy and frustrated,sadness,fear,sadness,sadness
im feeling brave this would be nice with black tips,joy,fear,joy,joy
i feel i am more blessed than i can ever say,love,fear,joy,joy
i only will uploading photos which i feel so sweet to share with all of you lovers,love,fear,love,joy
i spend obsessing over my decisions and feeling anxious,fear,fear,fear,sadness
i feel alan clay who is rather pathetic has a huge mass on the back of his neck that he is convinced is cancer,sadness,fear,sadness,joy
i will always help others in any way i can but if you don t feel it within you to do the work and to finally learn to love yourself then my help and motivation will be in vain,sadness,fear,sadness,joy
i know the pain parents feel when an enraged child becomes violent,anger,fear,anger,sadness
i can feel the cold wind,anger,fear,anger,joy
i am feeling called to show up in a more faithful way,love,fear,joy,joy
im feeling stressed about upcoming events drowning in feelings of being overwhelmed with how much i need to do in order to get my house back in order and the long week i have ahead of me that my husband will be out of town,anger,fear,sadness,sadness
i will stop feeling heartbroken when i see my unfollows,sadness,fear,sadness,sadness
i get the feeling that he is brewing up some kind of moronic shit storm,sadness,fear,sadness,joy
i was feeling pretty wimpy in it,fear,fear,fear,sadness
i want to know feelings i never felt before but will i ever experience your gentle touch again,love,fear,love,joy
i think for myself i feel everyone is greedy but in their own little ways whether that is going for the good or bad way thats another issue because usually you link both together but right now im trying to separate both issue separately so we can see the sole topic more cleary,anger,fear,anger,joy
i actually feel frightened of people here right now,fear,fear,fear,sadness
i will actually feel comfortable speaking to others in just japanese i feel pretty happy about my current progress,joy,fear,joy,joy
i inspired but i came away feeling rejuvenated and invigorated,joy,fear,joy,joy
i get to know about it the more guilty i feel for not being as faithful as these guys are,love,fear,joy,joy
i nuh must feel joyful and victorious,joy,fear,joy,joy
i feel quite photographically lethargic and drained its difficult to explain but im really happy my school semester is coming to an end,sadness,fear,sadness,sadness
i did get up to go and see the gp who told me i had probably been over confident that i should have rested for longer that this time i was to go to bed and not get up until hours after i feel better,joy,fear,joy,joy
i am still feeling joyful at rest at peace and that nothing nothing nothing can stop me,joy,fear,joy,joy
i am feeling very shaky today,fear,fear,fear,sadness
i assert it is better to feel rich than to be rich,joy,fear,joy,joy
i probably should have written this closer to thanksgiving but i was busy and frankly not feeling particularly lucky,joy,fear,joy,sadness
i feel about femme fatale except its not cute anymore now that its pretty obvious that britneys not in control of her life that shes so burnt out and yet i get the impression shes almost forced into this career to the point that she just cant or wont deliver anymore,joy,fear,joy,sadness
i say walking away and shaking my head feeling a little dazed to get the drinks,surprise,fear,surprise,sadness
i can make him feel a christ isnt he the most delicious creature youve ever seen,joy,fear,joy,joy
i feel our children are caught up in these unfortunate situations by no fault of their own and they so deserve to have a voice and someone to be there just for them and their best interests,sadness,fear,sadness,joy
i feel regret for my beloved city,love,fear,joy,sadness
i have every right to feel outraged that their legacy may be in danger,anger,fear,anger,sadness
i feel and yet your still hesitant to tell me,fear,fear,fear,sadness
i was feeling a bit casual and put on a plain tank top with loose bottoms i got from zara,joy,fear,joy,joy
being subject to unfair treatment in a working group,anger,fear,anger,sadness
i have a feeling that there will be plenty of football watching and that we will be indulging in many delicious eats this weekend,joy,fear,joy,joy
im not feeling lucky,joy,fear,joy,sadness
i feel peaceful it s ok,joy,fear,joy,joy
i only tried for three and i can still feel the longing that came with wanting a child,love,fear,love,joy
i didnt feel like moving around things were going just fine by themselves,joy,fear,joy,joy
i guess im a tough woman but i feel delicate,love,fear,love,sadness
i feel useful in the pulpit which i find ironic because i often question the efficacy of preaching,joy,fear,joy,joy
i feel that grits and even polenta are an unfortunate fate for corn,sadness,fear,sadness,joy
i went home from the bar and crashed at waking up at this morning feeling mostly fantastic,joy,fear,joy,sadness
i was feeling discouraged and disgruntled and i was a href http tracifishbowl,sadness,fear,sadness,sadness
i think i feel myself flushing don t be alarmed i m on a headache medicine that causes that sometimes,fear,fear,fear,sadness
i had been feeling like a lost duck because experiences in my life have aged my soul faster than my physical age and i didnt have many who understood,sadness,fear,sadness,sadness
i feel suspicious if there is no one outside like the rapture has happened or something,fear,fear,fear,joy
ive been struggling lately whenever i feel like saying something between having a reaction to myself of oh julia youre so clever and witty,joy,fear,joy,sadness
i feel extraordinarily clever,joy,fear,joy,joy
i love hanging with the kids feeling calm focused and relaxed a burgeoning garden working out spending time with friends and loved ones dinner parties celebrations creative time weekends away healthy house plants,joy,fear,joy,joy
im feeling overwhelmed by college with everything else that had happened this semester,fear,fear,surprise,sadness
i feel more like the girl i was when i was at i was fearless excited for life and discovery,joy,fear,joy,joy
i feel all ecstatic every time i see the new old opening credits on one tree hill a href http twitter,joy,fear,joy,joy
i remember feeling absolutely devastated when i heard that peach wasn t actually there to give me cake,sadness,fear,sadness,sadness
i feel im getting less and less vigorous,joy,fear,joy,joy
im here to tell you you arent alone if you feel vulnerable,fear,fear,fear,sadness
i could do was feel i felt thankful that her battle was over thankful that she was now in a place of serenity,joy,fear,joy,joy
i get that its easiest for them to jolt people into submission with electricity but i get the feeling that its becoming a more socially acceptable version of beating someone with a billy club,joy,fear,joy,joy
i often find myself feeling assaulted by a multitude of sense impressions,sadness,fear,fear,sadness
i feel amazing when i lift,surprise,fear,surprise,joy
i have been feeling strong and optimistic and then bam,joy,fear,joy,sadness
i gotta feeling da bul taewuhbeoryeo burn it up i gotta feeling niga ulbujitneun nal ah neoneun wiheomhae gal ttaekkaji gatsseo get away woooo becuz i m cuz i m dangerous b,anger,fear,anger,joy
i get scared i feel ignored i feel happy i get silly i choke on my own words i make wishes i have dreams and i still want to believe anything can happen in this world for an ordinary girl like you like me for an ordinary girl like you like me how are you,sadness,fear,sadness,sadness
i am sure the organisation themselves have the best of intentions though i disagree with them whole heartedly its just i get the feeling that some of the demostrators will be slightly hostile to students,anger,fear,anger,joy
i like the idea of wearing things that are comfortable and make me feel cute,joy,fear,joy,joy
i guess so walking around feeling cranky and mad,anger,fear,anger,sadness
i feel like copying the handsome boy say yay so fun,joy,fear,joy,joy
i feel invigorated and enthusiastic,joy,fear,joy,joy
i made it and enjoyed most of my run but now i m feeling greedy,anger,fear,anger,sadness
i feel listless but today was aiiiiighhhht,sadness,fear,sadness,joy
i heap the guilt on and feel worthless and embarrassed because of my lack of productivity,sadness,fear,sadness,sadness
im beginning to feel my way around the systems and im very impressed with the overall level of automation and control that goes into making memset what it is,surprise,fear,surprise,joy
i believe feeling duality spirituality suffering and growth in an upright position offers the manifestation of happiness simple joys and fulfillment,sadness,fear,joy,joy
i feel so honored to have been a part of this year,joy,fear,joy,joy
i just sat there feeling so empty and lost and scared,sadness,fear,sadness,sadness
i never want to be rude even when i feel someone has been rude to me and even then i don t want to i feel like i need to like if i don t crush the offender thoroughly i will be left in tears in front of everyone because i am so sensitive,anger,fear,anger,sadness
ive felt the last few days i feel fucking fantastic today,joy,fear,joy,sadness
i had then these were truly terrifying and still feel shaken and uneasy because of them,fear,fear,fear,sadness
i am feeling just so relieved right now,joy,fear,joy,joy
i know i can do it and in fact that i will but i feel terrified that the stories won t be as good as they could be and that any readers that i can actually convince to buy the book will read it and hate it and never want to read anything by me again,fear,fear,fear,joy
i feel delighted to contact you,joy,fear,joy,joy
i have my own mind and i feel like my mind is dangerous to my life,anger,fear,anger,sadness
i feel like a hot mess and i probably am,love,fear,love,sadness
im happy there are people in this world that have been so untouched by mental health issues that they feel it is cute to make light the plight of the affected but unfortunately they dont realize the damage they are doing,joy,fear,joy,sadness
i feel like i should have actively hated every single second rather than just borne it all,anger,fear,anger,sadness
i am keen to incorporate more use of recovery tool and i feel that as a tool this can useful in allowing patient control over their mental health,joy,fear,joy,joy
i have never met in real life but feel super bonded to through crisis pregnancies and genius children and my new friend sara at a href http everybitterthingissweet,joy,fear,love,joy
im feeling adventurous i get the philips better lemon chicken,joy,fear,joy,joy
i wish i could feel that more because i always lose sight of it but just remembering that is something amazing,joy,fear,surprise,sadness
i feel so humiliated because as i was spending my days off planning a beautiful wedding he was calling texting taking some other girl out and fucking her,sadness,fear,sadness,sadness
i do feel blamed for everything i,sadness,fear,sadness,sadness
im not sure that feeling slightly wronged by the police the sheriff or the tsa is always a bad thing,anger,fear,anger,joy
i am feeling convinced by the argument extended once by bal thackerey of not allowing pakistan to play on indian soil till they show by thought action and creed that they really want friendly relations with india,joy,fear,joy,joy
i feel like i shouldnt have even bothered,anger,fear,anger,sadness
i feel infuriated every time that the christmas season draws near,anger,fear,anger,joy
im confident a lot of people who feel that zimmerman should be punished,sadness,fear,sadness,joy
i have a feeling david is going to turn out to be a terrific father hes already exposing his newborn son to the world of the geek,joy,fear,joy,joy
when i was ditched by my girlfriend,sadness,fear,sadness,sadness
ive been feeling a little stupid because i dont know how,sadness,fear,sadness,sadness
i guess how this clouds your viewing depends on how you feel about filmic content personally i dont really give a shit what a film is saying so much as the way its being said and in this case the film is simply too great to ignore but its a sour note in an otherwise delicious orgy of depravity,joy,fear,joy,sadness
i feel people just don t know how to fish them properly and therefore are not as popular as they should be,joy,fear,joy,joy
i was feeling very festive i decided to paint my nails for the holiday events,joy,fear,joy,joy
i am feeling quite disorganised and distracted and i wish i could answer some of the questions i seem to be unable to block out or forget or answer with logical answers uuuugh,anger,fear,sadness,sadness
i feel it is worthwhile to document it for people who are not familiar with batch files,joy,fear,joy,joy
i feel ecstatic relived and most of all from the bottom of my heart truely grateful to,joy,fear,joy,joy
i need to work on better nutrition all the time because when i do i feel amazing,joy,fear,surprise,joy
i also feel that no one in the music school is really being very supportive of me on this,love,fear,love,sadness
i wake up real life husband i feel melancholy towards day,sadness,fear,sadness,sadness
i am so blessed and feel blessed to be able to share my creations with you,joy,fear,joy,joy
i feel everything around me is fucked everyone around me is falling to pieces,anger,fear,anger,sadness
i dont like the way i feel when i am angry,anger,fear,anger,sadness
ive never thought i would feel so guilty for trying to protect someones feelings,sadness,fear,sadness,sadness
i struggled with feeling like myself because myself liked bands and the s and david hockney and photography and collecting things and no body really understood those things because no body does understand you when you re,love,fear,love,sadness
i began to feel a little cold,anger,fear,anger,joy
i feel amazing after every thrift trip i got on and to have some many in a small amount of time if my idea of bliss once i am earning again i will re claim my crown of thrift princess,surprise,fear,surprise,joy
i get the feeling she doesnt really want to talk to me now so im hesitant on what to do from now on,fear,fear,fear,joy
i am not a regular member of this group meaning that i do not follow whats going on very often and also i feel a bit shy in budding in when i do not have much to say but today i have a request for you people,fear,fear,fear,joy
i feel like staying in a barn so carefree,joy,fear,joy,joy
i left the hospital that night feeling helpless,sadness,fear,fear,sadness
im feeling slightly irritable but generally level headed and actually not in a bad mood,anger,fear,anger,sadness
i will reach out to you when i am feeling uncertain and needing the support or the slap upside the head that i know you can provide me,fear,fear,fear,sadness
i feel remorseful when i act the drunken fool too,sadness,fear,sadness,sadness
i only talk when i feel like i have something valuable to say,joy,fear,joy,joy
i honestly feel is almost tragic,sadness,fear,sadness,joy
ive been feeling a bit shitty about myself these past few days and there has been a sudden drop of self esteem going on,sadness,fear,sadness,sadness
i feel like an ass saying that since my sweet sister has gone through quite possibly the worst year of her life at the same time,joy,fear,joy,sadness
i feel fine about that,joy,fear,joy,joy
i figured out why i feel so crappy and so now i don t feel so crappy because a lot of feeling crappy comes from trying to figure out why certain negative emotions exist especially when my life is pretty damn good most of the time ya,sadness,fear,sadness,sadness
i am mostly feeling contentedly terrified about it all,fear,fear,joy,joy
i feel somewhat remorseful that i wont be around for this move in weekend but i think its for the better that i do this study if it doesnt seem like a good thing i can always back out and come home to oakland and everyone,sadness,fear,sadness,joy
i feel like i am really valuable to him,joy,fear,joy,joy
im feeling awfully proud of myself for sticking to it,joy,fear,joy,joy
ive collected as i feel its vital to create something precious from those items as a tribute to the earth and its power generosity,joy,fear,joy,joy
i want you on the trip that i feel is cool,joy,fear,joy,joy
i am feeling so low lately just feeling of hopelessness is very disturbing making me tired and sick entire of living this kind of life,sadness,fear,sadness,sadness
i dont forget it i embrace it i dont feel pity i feel proud,joy,fear,joy,joy
i was feeling quite impressed with myself for taking just eight months to finish just the lyrics for one fairly simple though sufficiently tortured emo song,surprise,fear,surprise,sadness
i miss it when i feel no one person who ignored me,sadness,fear,sadness,sadness
i also feel disappointed in his mother gertrude,sadness,fear,sadness,joy
im definitely feeling remorseful about,sadness,fear,sadness,sadness
i have been feeling strong and optimistic and then bam,joy,fear,joy,sadness
i still have a way to go but i am so much closer to the finish line than the start line and that feels amazing,joy,fear,surprise,joy
i also have the feeling i need a very relaxed practice today,joy,fear,joy,joy
i avoid saying fail because it makes me feel rotten and i know it is not good for my confidence,sadness,fear,sadness,sadness
i am feeling doubtful that nutritional methods alone will solve the problems,fear,fear,fear,joy
i hope he makes some friends and feels welcomed,joy,fear,joy,joy
im definitely feeling festive,joy,fear,joy,joy
ive been feeling lately that i am much less likeable than i used to be,joy,fear,joy,sadness
i can but i feel massively uncomfortable doing it it consumes massive amounts of processing power and i associate it with some very bad situations ive been in recently,fear,fear,fear,sadness
im really really sad that i missed the menswear show because i feel like its worth supporting this venture to show more menswear,joy,fear,sadness,joy
i feel all gloomy and i hate it,sadness,fear,sadness,sadness
im feeling so mellow right now and so im listening to coldplays song yellow,joy,fear,joy,sadness
im feeling really festive now tree is up amp decorated apart from the fairy shes still in the loft will have to go and find her tomorrow,joy,fear,joy,joy
i am too dazed confused and too drowned in what women looks for looks wise in a man and feel that i am doomed if i can t aspire to these,sadness,fear,sadness,sadness
i should have known she likes kamiki kun he laughs nozomi feels an unpleasant knot in her stomach you must think i m a fool don t you nonchan,sadness,fear,sadness,joy
i feel so bad that im posting this blog so late,sadness,fear,sadness,sadness
i have to admit these hilarious e cards are seriously exactly how i feel i am so stressed out i feel at any moment i could start hy,sadness,fear,sadness,sadness
i feel like i m watching another copy of my beloved son created for the english speaking world being wonderful clever and delightful in new and different ways,joy,fear,joy,joy
i feel that i m indulging him at times nor does it help that when we started talking his approach was more friend zone friendly than an i want to date you approach,joy,fear,joy,joy
i feel something inside paul saying fuck it lets do this lets go for it go for broke,sadness,fear,sadness,joy
i remembered seeing these pieces and feeling so impressed by them but seeing them again i was surprised i was blinded by my memories,surprise,fear,surprise,joy
im already not feeling terrific,joy,fear,joy,sadness
i know i dont live in new york anymore but i feel so outraged that this could happen in my city,anger,fear,anger,sadness
i feel like as much as it was an unfortunate situation that i wasnt with my father i was in a great place,sadness,fear,sadness,joy
i kinda like you when i saw hannah montana but since you broke up with nick i feel like you are so a heartless person,anger,fear,anger,sadness
im feeling pretty annoyed with the whole thing i decided to share those reasons we rejoice,anger,fear,anger,joy
i feel a little abused about this whole situation,sadness,fear,sadness,sadness
im feeling low i usually just want to lay in bed and do nothing,sadness,fear,sadness,sadness
i am being selfish but i feel like me trying to make him horny is redundant because he is always horny and i feel like he should try harder to make me horny,love,fear,anger,sadness
i got the feeling that steve was impressed that bi was used in manufacturing and not only in finance as in the us,surprise,fear,surprise,joy
i feel so amazed with myself as i could stride nonstop for more than minutes,surprise,fear,surprise,joy
i do feel tender,love,fear,love,joy
i keep going back to people are douche canoes because they need to feel superior they need that ego boost they need someone to look down upon,joy,fear,joy,sadness
i feel so rude saying i ll get back to you cause shes so nice and needs me but i d prefer to work in a href http www,anger,fear,anger,joy
im feeling playful google doodle of pac man game,joy,fear,joy,joy
i have been absolutely useless written about nothing at all and feel like im neglecting my faithful followers by failing to update the blog today,joy,fear,sadness,sadness
i feel bad for searching for rule,sadness,fear,sadness,sadness
insulted by disgusting people,anger,fear,anger,sadness
i hope i would be able to understand and not make my friend feel pressured into doing anything they did not want to do,fear,fear,fear,sadness
i had the love of my life in nathan been in love and shit and here was travis and i felt hardly anything and im sitting here feeling doomed that i would never again find someone who would give me that spark,sadness,fear,sadness,joy
i do feel sad for myself for not wanting that and thoughts extend up to a point that ill die alone,sadness,fear,sadness,sadness
i was alone in a cottage i often stay in i was woken up by a rustling sound in the middle of the night,fear,fear,fear,sadness
i normally feel kind of awkward at birthday dinner parties since theres always someone i dont know but not this time,sadness,fear,sadness,joy
i always feel kinda sad for them when the authority figures eventually show up on the scene and squeeze all of the risky fun out of their play time,sadness,fear,sadness,joy
i left for work feeling still unpleasant and cheered up a mite bit once i got there,sadness,fear,anger,sadness
i do really feel treasured by you too,love,fear,love,joy
i feel like it s boring,sadness,fear,sadness,joy
i am not a catholic i certainly don t feel it is my place to take sides on this issue but i am curious how the leadership of the catholic church will mesh with its own people over these issues in the coming years,surprise,fear,surprise,joy
i feel like im the bitter old lady who has had such a long life and just cant deal with it anymore,anger,fear,anger,sadness
i feel really fucked up still,anger,fear,anger,sadness
i feel sad donna summer dead at a href http jtwoo,sadness,fear,sadness,joy
i turned in for the night feeling about as mellow as could be expected given the circumstances,joy,fear,joy,sadness
i feel tranquil now,joy,fear,joy,joy
i wish i didnt feel this afraid to talk to new people,fear,fear,fear,sadness
i will try plead my case to those who may be feeling unloved and abandoned by me and those who cant empathise with my position read on,sadness,fear,sadness,sadness
i feel so vain when i look at myself and notice how much i like my nose or how nice my face structure is,sadness,fear,sadness,sadness
i do feel sympathetic to the parties involved now that their careers are down the drain,love,fear,love,joy
i was the compere at a party and all my efforts to get the show rolling were thwarted by the immobile,anger,fear,sadness,sadness
i feeling boring,sadness,fear,sadness,sadness
i could before the actual thing and then if i still couldn t figure out if i d feel embarrassed not knowing how to get in line or how to get a drink or where to park my car or whatever i just wouldn t go,sadness,fear,sadness,sadness
i had been feeling rather unhappy lately because id been feeling left out of groups friends,sadness,fear,sadness,sadness
i feel alone all the time and he just happened to be there,sadness,fear,sadness,sadness
i apply it i walk very fast around the room because the rush of air against the essence on my lips feels very cool,joy,fear,joy,joy
i could even feel his cold breath on my neck whispered hertha as she ran her fingers across the side of neck,anger,fear,anger,joy
i feel like it my beloved burkie who i miss more than words can ever say,joy,fear,joy,joy
i still feel very very disheartened,sadness,fear,sadness,sadness
the day i received the key of my apartment and we could enter in it,joy,fear,fear,joy
i get a little twitchy when i feel like someone is depending on me and i have to have a flawless job done in the end,joy,fear,joy,sadness
i declined this invitation but secretly i could not help but feel curious,surprise,fear,surprise,sadness
i again feel like going out in a friendly and safe environment i am booking a flight to pe,joy,fear,joy,joy
i want to feel pain in my chest when something terrible happens and i want to cry happy tears when something good happens,sadness,fear,sadness,sadness
i was beginning to feel almost jaded by backpacking i guess the endless bouncing around a title comfort v cash my backpacker struggle with overland travel href http www,sadness,fear,sadness,joy
i sit down to author this letter i feel a little surprised that an entire year has already passed us by,surprise,fear,surprise,sadness
i am terrified and not feeling terribly keen right now,joy,fear,joy,sadness
i had continued to think along those lines i probably would have done the dishes in anger and when he got up wed have had a fight about that with me feeling completely abused,sadness,fear,sadness,sadness
i tell mummy that my stomach really not feeling well i really wanna go to toilet mummy ask me keep on eating,joy,fear,joy,joy
i know you feel supporting an inept city manager who has cost the tax payers millions already with his bungling is important,joy,fear,sadness,sadness
i was feeling helpless as i could not explain it to him,sadness,fear,fear,sadness
i often feel like i am punished for the strengths i do have which is almost worse than no one even noticing my value,sadness,fear,sadness,sadness
ive finished it i feel foolish for having put any expectations on the story when i began reading it,sadness,fear,sadness,joy
i feel quite photographically lethargic and drained its difficult to explain but im really happy my school semester is coming to an end,sadness,fear,sadness,sadness
i feel beaten up and tired mentally and physically,sadness,fear,sadness,sadness
i really feel like i have a lot to offer in this area i would like to focus on troubled teenagers,sadness,fear,sadness,joy
i feel blessed that they enjoy those activities just like i do,joy,fear,joy,joy
i want to be someone that people can approach and feel accepted by and not judged because i do feel that people feel judged by me,joy,fear,joy,joy
i heard it somehow it brings me good feeling strange,fear,fear,fear,joy
i have been feeling beaten down sick and utterly devoid of hope that i will ever have the life i want,sadness,fear,sadness,sadness
im feeling so devastated by losing something that others may see as trivial my god takes on that weight as if it was his own,sadness,fear,sadness,sadness
i feel a little uptight because i have to really be conscious and careful about everything that happens,fear,fear,fear,joy
i feel delicious thanks,joy,fear,joy,joy
i got contact lenses the other day and am trying to get used to them i feel like my face looks really weird without glasses and its so strange when i see myself from a distance,surprise,fear,fear,sadness
i have a feeling they ll think it s dumb so i d rather just do this on my own for a while,sadness,fear,sadness,joy
i feel useless and helpless and broken,sadness,fear,sadness,sadness
i feel that it is vital that the artist has a passion for what he she does,joy,fear,joy,joy
i just feel like i dont like supporting walmart because maceys has such good family values and is closed on sundays and isnt trying to take over mom and pop stores but i have to be a smart consumer too,love,fear,joy,joy
i didn t even think i was the type of person that could feel homesick,sadness,fear,sadness,sadness
i feel tortured by all this and im not quite sure how to handle it other then getting drunk non stop so as to not feel anything at all,fear,fear,fear,sadness
i feel that the world is a tragic and woeful place to live in,sadness,fear,sadness,sadness
i didnt feel the stress i was under at telstra was worth it and with out thinking i just resigned,sadness,fear,sadness,sadness
i feel so glad that i have a cool mama,joy,fear,joy,joy
i am feeling really needy right now,sadness,fear,sadness,sadness
i still don t feel so hot i said as aj frowned,love,fear,love,joy
i do not feel dumb any more,sadness,fear,sadness,joy
i am floating in the flashback feeling the heaviness of nostalgic heart,love,fear,love,sadness
i have been told that these same vendors feel like they might end up supporting much more than just one more platform as linux has many popular distribution releases these days,love,fear,joy,joy
i managed to put a stop to all the things i had been doing that left me feeling regretful and miserable everyday,sadness,fear,sadness,sadness
i feel so lucky to be guest posting for kristi over at a href http www,joy,fear,joy,joy
i feel unsure because my financial future thanks to the stupid law is at this point partly dependent on js integrity rejected and jilted by j after we took vows unsure and even a little worried about getting passport ability to do so,fear,fear,fear,sadness
i feel the loving presence of my parents daily even though they have both been physically dead for almost two decades now,love,fear,love,joy
i loved feeling lily move and have missed it so much,sadness,fear,sadness,joy
i feel jealous on sumthg tat i thk of,anger,fear,anger,joy
im feeling gloomy this weekend,sadness,fear,sadness,sadness
ive been feeling lately that i am much less likeable than i used to be,joy,fear,joy,sadness
i started to feel cold,anger,fear,anger,joy
i trust my kids however i feel helpless enough in here over so many things and i m upset at the lack of respect for the few little things i asked them not to do,fear,fear,fear,sadness
i feel increasingly passionate about,love,fear,love,joy
i told omangy that i was feeling violent and i wasnt in a good mood,anger,fear,anger,sadness
i was feeling fairly comfortable and i could think out a plan now,joy,fear,joy,joy
i am ready to cry because i feel such a sweet presence of the ruach hakodesh the holy spirit in my room with me right now,joy,fear,love,joy
i get through it pretty quickly but it just makes me feel like im not being respected,joy,fear,joy,sadness
i feel that im not talented in baking,joy,fear,joy,sadness
i am energetically pursuing my goals or i feel agitated and unable to sit still,anger,fear,anger,sadness
i was feeling very keen to get out of the camp site before they realised i had been given the best gift of all free accommodation and free services,joy,fear,joy,joy
i feel somewhat hopeless and pitiful,sadness,fear,sadness,sadness
i start to feel agitated inside,anger,fear,anger,sadness
i know he s feeling to me is sincere so i could tolerate these small trouble but i can t stand his this character in the performance of the sex life of husband and wife,joy,fear,joy,joy
i arrived at the monastery one week later i was feeling terrified,fear,fear,fear,joy
i didnt feel if i was having a shitty day i wouldnt usually come right out and say i was having a shitty day,sadness,fear,sadness,sadness
i feel offended if you question my results as unfair saying that i am lazy and all so why,anger,fear,anger,sadness
i was feeling fabulous until friday morning when i started to get these awful cramps at work,joy,fear,joy,sadness
i feel strong style color black line height,joy,fear,joy,joy
i can feel the awkwardness whenever i do something that was acceptable before but no longer is,joy,fear,joy,sadness
ive collected as i feel its vital to create something precious from those items as a tribute to the earth and its power generosity,joy,fear,joy,joy
i forgive myself that i have accepted adn allowed myself to feel uncertain and inferior the moment someobdy is looking at me as i do physical labour,fear,fear,fear,sadness
i am feeling a little dissatisfied with my pictures for the last couple of months,anger,fear,anger,joy
im a creature of habit and major life changes always leave me feeling sort of dazed confused and occasionally sad and grumpy,surprise,fear,surprise,sadness
i feel is that i cant get far enough away from what feeds melancholy for long enough that it would just wither and die off,sadness,fear,sadness,sadness
i feel pretty honored to be around some really great moms and women,joy,fear,joy,joy
i feel like that when i try to try on relationship traditions that i and the people i care about get damaged,sadness,fear,sadness,sadness
i woke up feeling listless and dehydrated from a weekend that included a strip club tackle football hours of binge drinking and a hockey game so i decided not to go to work,sadness,fear,sadness,sadness
i feel really horny when i wear them they hug my c k balls really nicely,love,fear,love,joy
ive been on a bike and this bike it feels kind of strange,fear,fear,fear,joy
i was feeling determined it didnt take long for me to start nomming on naughty stuff again,joy,fear,joy,sadness
im feeling determined to face facts have a gander at my donut a href http,joy,fear,joy,joy
i got an a in anatomy the first one i have ever gotten in a science class here,joy,fear,anger,joy
i am really not expecting it somehow it made me feel shy but then it s been a while part,fear,fear,fear,joy
i don t want this to end just like i didn t want the series rock chicks to end but i feel like ka will keep on bringing us amazing stories with wonderful women and sexy men,joy,fear,joy,joy
i feel highly burdened and incapacitated by my stupid flaring legs,sadness,fear,sadness,sadness
i met people from every corner of the globe so now when i am feeling restless and my finances will allow me i am can pick a spot see people that i really care about and have an adventure with them in their homelands,fear,fear,fear,joy
i get through feeling weepy about it sometimes i get resentful about it,sadness,fear,sadness,sadness
i want to enjoy this and feel successful,joy,fear,joy,joy
i feel in the tragic case of the woman who was raped though hard may it be the baby should be put up for adoption if the woman cannot bear to keep him her,sadness,fear,sadness,sadness
ive continued to feel energetic most of the time and am trying to keep up my times of working out per week did the jillian workout this week and was very sore,joy,fear,joy,joy
i feel also just drained,sadness,fear,sadness,sadness
i can even say my opinion on something without him feel offended,anger,fear,anger,sadness
i walk around the farm i always feel so peaceful i end up smiling from the sheer beauty and rightness of everything,joy,fear,joy,joy
i feel so honoured so have been allowed to write my story and,joy,fear,joy,joy
i was thinking about how you all were watching general conference and i was feeling a bit jealous,anger,fear,anger,sadness
i do feel apprehensive before meeting someone new particularly in a group situation but i just sign up for everything i can and hope that i ll have found the courage to do it by the time it comes round and i always have so far,fear,fear,fear,joy
i have also known the pain of feeling worthless too broken too scarred to ever span style mso bidi font size,sadness,fear,sadness,sadness
i feel like i ve been put in a bag and shaken up but otherwise ok,fear,fear,fear,sadness
i feel kind of talented right now lol hmmm,joy,fear,joy,joy
i feel more than ever that the computers i pour code and art into are extensions of myself and thats pretty goddamned cool in my book but i am hopelessly romantic about creativity and prone to fits of stereotypical artist bullshit so grain of salt,joy,fear,love,joy
i still feel devastated and disconsolate,sadness,fear,sadness,sadness
i sat with dave atell at first trying not to feel rude while the guys were eating,anger,fear,anger,joy
i become aware that i m feeling impatient and thinking things are not going fast enough i can choose to change my thinking and remind myself that god s timing is perfect,anger,fear,anger,joy
i am feeling clever i see something like this and realize,joy,fear,joy,joy
when i learnt that i had been accepted at the medical school,joy,fear,joy,joy
i feel like the only intelligent person here right now,joy,fear,joy,sadness
i feel super behind in all aspects of my life i need to read,joy,fear,joy,sadness
ive been holding onto that are making me feel rotten,sadness,fear,sadness,sadness
i just feel really needy,sadness,fear,sadness,sadness
i can have many kids but if there are too many my strength would not be sufficient and my wife would feel burdened,sadness,fear,sadness,joy
i actually feel solidarity with the americans who went on to cry for blood in iraq tortured prisoners and the stripping of the bill of rights,fear,fear,anger,sadness
i really had prepared ourselves for the worst but we both had the innate feeling that everything was fine,joy,fear,joy,joy
i feel less intimidated with her here to help,fear,fear,fear,joy
im feeling very bitter against knight in shining denim because i asked him a year ago to go to the gym with me and he wouldnt spend the money,anger,fear,anger,sadness
i feel i m being punished for too many thoughtless years of assuming that the trappings of success were earned and not given,sadness,fear,sadness,sadness
i feel impressed to talk to my older children about my vision for our family and enlist their aid in accomplishing it,surprise,fear,surprise,joy
i am just tired of feeling abused by everyone,sadness,fear,sadness,sadness
i am angry that my employers do not invest in us at all training pay increases bank holidays and it feels like injustice so i feel helpless,fear,fear,fear,sadness
i dont feel inhibited and i can work out my problems,sadness,fear,sadness,joy
i am feeling melancholy sad depressed ok even angry that this is my second year without my oldest and youngest daughters klysta passed days ago andrea has chosen to not be with her family,sadness,fear,sadness,sadness
i feel peaceful like i shall grow wings and fly away,joy,fear,joy,joy
i feel super bad about it,joy,fear,sadness,sadness
i feel thompson needs to work on then again i m not exactly impressed by flash and fluff,surprise,fear,surprise,joy
i was so traumatised by the pestilence that i was feeling quite delicate and couldnt cook so we had to buy expensive and unhealthy convenience foods from the supermarket in order to avoid starvation,love,fear,love,sadness
i have a lovely nesty feeling after looking at all that cute teeny weeny clothing,joy,fear,joy,joy
i wasnt feeling that hot prior to vineman but with a little racin and a lot of self talk im now in a better spot mentally and physically,love,fear,love,joy
i have a small history of hiding when i feel awkward,sadness,fear,sadness,sadness
i cant find it in my heart to feel the least bit disappointed for having missed it,sadness,fear,sadness,sadness
i feel my repressed emotions surfacing im glad for the solace i can seek in my writing,sadness,fear,sadness,sadness
i am feeling rather triumphant that i decided to disagree with davids notion that the real peak was further on and decided to give the side trail a chance,joy,fear,joy,joy
i feel im getting less and less vigorous,joy,fear,joy,joy
i answer feeling clever again,joy,fear,joy,joy
i was feeling a little skeptical that it would arrive on time the situation was not improved by the fact that despite various perfect party setups seeking in ffxi nobody was bothering to set them up including me but duh im lazy,fear,fear,fear,joy
i still feel so irritable every day,anger,fear,anger,sadness
i always intended on achieving just so i could be with everyone else and feel like i was an intelligent productive and successful person,joy,fear,joy,joy
i stopped feeling so exhausted a href http provokingbeauty,sadness,fear,sadness,joy
i will close my eyes and recite the following mantra every day and whenever i m feeling unsure frustrated or shiftless with my progress towards my top body,fear,fear,fear,sadness
i feel like im not as stubborn,anger,fear,anger,joy
i can make them laugh out loud i feel a keen sense of accomplishment,joy,fear,joy,joy
i feel it was perfect as a jumping off point for what is to come,joy,fear,joy,joy
i feel remorseful but i am not ready to die and i do not look in the mirror,sadness,fear,sadness,sadness
i don t mean to behave so cut off but i feel so lethargic to utter one single word to anyone,sadness,fear,sadness,sadness
i feel like i didnt need to grasp onto something comfortable that i was capable of trying something new,joy,fear,joy,joy
i feel more hostile towards sarcoidosis than usual,anger,fear,anger,sadness
im feeling energetic and motivated with my kids the days can move so slowly,joy,fear,joy,joy
im feeling awfully spiteful right now,anger,fear,anger,sadness
i tell mummy that my stomach really not feeling well i really wanna go to toilet mummy ask me keep on eating,joy,fear,joy,joy
im feeling quite positive at the moment,joy,fear,joy,joy
i am happy to be feeling well enough to be back on the blogging scene,joy,fear,joy,joy
i just have a general feeling of this unpleasant heaviness from my stomach up,sadness,fear,sadness,sadness
i tend to stop breathing when i m feeling stressed,sadness,fear,sadness,sadness
im feeling lucky button on google,joy,fear,joy,joy
i feel bitter theofilou said of the lack of support to nods of agreement by kastrioti who waited for her turn to board,anger,fear,anger,joy
i am generally a pretty happy and positive person there are times when the nerves kick in and i am not feeling quite so happy and smiley,joy,fear,joy,joy
i love running because i feel strong and powerful and totally in control,joy,fear,joy,joy
i won t feel so shy and ashamed about it,fear,fear,fear,sadness
i feel very passionate about my future career choices within the video gaming industry,joy,fear,love,joy
i start to feel groggy as if i have been drugged,sadness,fear,sadness,sadness
i still have a lot of my normal symptoms sore boobs constant peeing irritability and irrational feelings a superior sniffer and gag reflex etc,joy,fear,anger,sadness
i feel resentful and irritable,anger,fear,anger,sadness
i feel horrible most of the time,sadness,fear,sadness,sadness
i feel very nervous,fear,fear,fear,joy
i feel romantic when i wear it under my raphael coat,love,fear,love,joy
i had this crazy idea that all of that water slogging around in my stomach would make me feel crappy so i kept my sips to an absolute minimum,sadness,fear,sadness,sadness
ive been feeling a bit discontent with my music for a while now,sadness,fear,sadness,sadness
i stop feeling so depressed and,sadness,fear,sadness,sadness
i went to bed late last night and feel sort of groggy this morning,sadness,fear,sadness,sadness
i leave the nursing home each week feeling so joyful and ready to come back again,joy,fear,joy,joy
im not sure why i even bothered to open this website let alone this feature but as expected its left me feeling boring poor and,sadness,fear,sadness,sadness
i can t help but feeling weird when opening every closet in an apartment that somebody s still living in so i didn t,fear,fear,fear,sadness
i feel a bit strange publishing these beautiful photos,fear,fear,fear,joy
im feeling really stressed at work too because theyre piling so much stuff for me to do and expect me to do all this creative stuff or decorate or make this,anger,fear,sadness,joy
i think i could manage one team in jacksonville without feeling too dirty,sadness,fear,sadness,sadness
i am feeling needy needing you so needing your love by the grove,sadness,fear,sadness,joy
i would like a lazy immersed in my boring feeling i like the friends have a pleasant talk together and boring,joy,fear,joy,joy
im not crossing things off ever growing to do list i feel like i keep making stupid silly mistakes in all areas of my life amp im just tired,sadness,fear,sadness,sadness
i feel very dissatisfied with myself,anger,fear,anger,sadness
i feel like when ever i start to feel happy for a consistent amount of time it all has to end,joy,fear,joy,sadness
i feel so relieved but at the same time i feel so lost,joy,fear,joy,sadness
i feel when i just out from my dorm and began to breath a pleased liberty,joy,fear,joy,joy
i feel rejected by someone then what part of myself am i rejecting,sadness,fear,sadness,sadness
i feel ugly right now im still happy,sadness,fear,sadness,sadness
i feel drastically inadequate for the needs i feel swirling around me,sadness,fear,sadness,sadness
im still feeling a little hesitant but plunging in with a multitude of colored pencils nonetheless,fear,fear,fear,joy
i am a happily married man shows me his wedding ring and i swear i am not hitting on you but i just feel this sweet energy from you like i know you but i dont know you right,joy,fear,love,joy
i also intended to study but that didn t happen either so here i am feeling a little less virtuous amp holier than thou than i would if i had actually done something constructive over the past week,joy,fear,joy,sadness
i will feel as though i am accepted by as well as comfortable being around both sides of my family,love,fear,joy,joy
im feeling a little stressed out about it but i cant do much right now because im waiting for a couple of tax returns in the mail and a letter from jasons employer which is taking quite some time,anger,fear,anger,joy
i feel a strong connection with another human being and i want to spend more time with her,joy,fear,joy,joy
i want to feel all year long that lovely warm tingle that october brings,love,fear,love,joy
i havent exactly gone for a spin around the block yet since id feel strange strapping in a teddy bear in place of a baby but it looks nice and sturdy and like it will do the trick,fear,fear,fear,joy
i feel deeply pleased as my hand plane takes off thin shavings of wood with a precision that is truly marvellous,joy,fear,joy,joy
i find myself crying over loosing everything that i have everything that i am not really proud of and i feel such a loyal connection to what s around me,love,fear,love,sadness
im not necessarily sure what but something in the education system must change or students can feel anxiety and pressure with needing to be flawless with their vast knowledge of the world,joy,fear,joy,joy
i can look at a stack of twenty five term papers and not feel overwhelmed,surprise,fear,surprise,sadness
i feel naughty and dirty sometimes but this gives me certain pleasure so why not,love,fear,love,sadness
i feel strange and weird about this entire struggle am i the only one who deals with this kind of conflict,fear,fear,surprise,sadness
i feel angry at him for being so selfish and giving me absolutely nothing to go on,anger,fear,anger,sadness
ive fallen asleep embracing a person but never a book and we both woke up this morning feeling kind of awkward about it,sadness,fear,sadness,sadness
i feel paranoid like we just stepped into a private club where everyone knows each other and we are standing out like nudists at a suit convention,fear,fear,fear,joy
i do feel lonely at times and at times i still feel that i am alone,sadness,fear,sadness,sadness
i think that it is the one site that has truly made me hella smile and feel reassured that there are morally good and kind individuals in this world,joy,fear,joy,joy
i may be starting to feel paranoid or maybe insecure but im just a mere human being who yearns to be loved to be cared of and to be noticed,fear,fear,fear,sadness
i was not feeling respected by him,joy,fear,joy,sadness
i feel so inhibited in someone elses kitchen like im painting on someone elses picture,sadness,fear,fear,sadness
i hate the way mom and dad are to her i hate the neglect of her feelings and her needs as an intelligent child that are rampant in their parenting style,joy,fear,joy,sadness
i feel that i shouldnt be his back up a rel nofollow target blank title girlfriend href http eepctqlhiafjwnrrmas,sadness,fear,sadness,sadness
i want to feel respected even when i do things that you don t understand,joy,fear,joy,sadness
i feel less respected less,joy,fear,joy,joy
i feel respected and what i have to say matters,joy,fear,joy,joy
i love and feel passionate about i m living my dream and now that i ve gotten a taste of what that feels like nothing can stop me,love,fear,love,joy
i am feeling rather thrilled,joy,fear,joy,joy
i find myself buying into and reacting to the conflicts of modern life more than i did before and feeling more jaded,sadness,fear,sadness,joy
i just remember feeling frantic desperately trying to say what i needed to say to q,fear,fear,fear,sadness
i feel so agitated about this,fear,fear,anger,sadness
i had to preform a few poems to the class so i will feel confident when i preform,joy,fear,joy,joy
i feel horrible most of the time,sadness,fear,sadness,sadness
i was up to tackling some exercise in the backyard shed late in the morning and then had my breakfast the burden on my system was such that i began feeling lethargic and i scotched an intended shopping expedition for a second consecutive day,sadness,fear,sadness,sadness
i feel troubled i guess would be the best word for it,sadness,fear,sadness,sadness
i have told her many times as well as given her gifts that say exactly how i feel about my precious girl,joy,fear,joy,joy
i admit is inexcusable giving you to feel slightly naughty bestial heck macho even,love,fear,love,sadness
i then wonder if the girl does want to marry me and contemplate that feeling slightly disheartened,sadness,fear,sadness,sadness
i have gradually morphed into someone who feels superior when other peoples kids complain about dinner or dont want to eat their zucchini or are allowed to eat pop tarts or sugary cereal or white bread for breakfast,joy,fear,joy,sadness
i do eat rawly goodness i feel radiant,joy,fear,joy,joy
i feel myself getting pissed off at the tiniest things all the time,anger,fear,anger,sadness
i feel like such a confused person lately sigh,fear,fear,fear,sadness
i did feel that the ending was a bit rushed and i do wonder if i might have missed certain signs but its a small thing when the story happens to be addictive and you dont notice the time passing by,anger,fear,anger,sadness
i understand where they are coming from and why they feel the way they feel and i respect that they have the strength to say what they believe however popular or unpopular it is,joy,fear,joy,joy
i was worried that it would be awkward and i would feel lonely,sadness,fear,sadness,sadness
i did something to my back after moving my piano this week im not hercules just terribly stupid so i was feeling a bit miserable for myself this morning and then this turned up in the post,sadness,fear,sadness,sadness
i feel all funny just thinking about it,surprise,fear,surprise,joy
i didnt feel too groggy from the wine at a href http tartandheathered,sadness,fear,sadness,joy
i left that meeting feeling helpless and betrayed by the very laws that are supposed to protect me and other people in this state,fear,fear,fear,sadness
i feel very graceful today,joy,fear,joy,joy
i feel like this is something i can do well and its helped me out of tough spots before,joy,fear,joy,joy
i feel pathetic at times because,sadness,fear,sadness,sadness
i am such a private person and although i won t be going into anything too personal i m feeling anxious just writing this,fear,fear,fear,sadness
i feel is that they are fond of themselves and ok second thought really sensitive to spelled everything here,love,fear,love,joy
i feel a bit more confident about them now so heres a gorgeous pair of cream amp lemon shorts i recently purchased in the warehouse sale for,joy,fear,joy,joy
i was feeling pretty well in mid october,joy,fear,joy,joy
i am feeling a little dissatisfied with my pictures for the last couple of months,anger,fear,anger,joy
i feel a bit foolish even bothering to post anything on fridays,sadness,fear,sadness,sadness
i tell that to has some story about someone who had an awful time conceiving baby but then baby was easy peasy and that just doesnt help me feel better at all,joy,fear,joy,sadness
i was feeling nostalgic about those days where i officially belonged to this city after getting married to shubhi in feb,love,fear,love,joy
i just feel so safe,joy,fear,joy,joy
i wish i could open up to people not feel so terrified of reactions and opinions,fear,fear,fear,sadness
i have no money to sort any of it out and i feel very messy,sadness,fear,sadness,sadness
im happy to report that i didnt feel that angered urge to smack olivia today the way ive felt it before,anger,fear,anger,sadness
i was really feeling crappy even after my awesome week of workouts,sadness,fear,sadness,sadness
i really enjoyed giving my class one because i knew all the answers and got to feel clever all day and two because it you don t often get a chance to play with these sort of things in training sessions and it was nice to spend time with everyone as new groups came through throughout the day,joy,fear,joy,joy
i was back at the gym doubling up on classes and feeling quite well not perfect but nowhere near how i was earlier in the year,joy,fear,joy,joy
i just feel resentful and show my resentment by eating tempura and sundaes,anger,fear,anger,sadness
i feel like copying the handsome boy say yay so fun,joy,fear,joy,joy
i feel listless i cant do anything of it,sadness,fear,sadness,sadness
im feeling a craving for a naughty sweet snack this is what i choose,love,fear,love,joy
i still need to feel listened to even if iam idiotic and naive in relation,sadness,fear,sadness,sadness
i feel very happy to have inspired is my little sis love of reading and writing,joy,fear,joy,joy
i am feeling somewhat melancholy over that,sadness,fear,sadness,sadness
im spending every day waiting to hear from you and feeling like an idiot for caring,love,fear,anger,sadness
im old enough that graduation and yk feels like just yesterday i find myself a bit stunned by this,surprise,fear,surprise,joy
i get lucky often and most things work out for my benefit but at the same time i feel that i can accept being unfortunate once in a while,sadness,fear,sadness,joy
i have an awesome husband i got to lay in bed for two days straight which i think is directly linked to the fact that im already feeling much better,joy,fear,joy,joy
i did feel scared now,fear,fear,fear,joy
i know that s wrong but i feel ugly,sadness,fear,sadness,sadness
i feel completely shaken up,fear,fear,fear,sadness
i strongly feel that at this point in my life i am no longer desiring to walk this path that i am on and to be truthful i have no clue as to where i am going with my life from here,joy,fear,joy,joy
i doubt anyone is if they are entirely honest with themselves and thats ok because for now i may not feel perfect but i do feel happy and thats one hell of an improvement,joy,fear,joy,joy
i feel impressed to discuss sin again though i do not know why,surprise,fear,surprise,joy
i do not feel that i could ever harm an innocent girl in such a way never have i imagined such dire consequences for not doing so,joy,fear,joy,sadness
i dont know if he ever cheated on me but it does looked like it cause he has known her for years and i appear in his life around that time and it makes me feel mad,anger,fear,anger,sadness
i feel so elegant so marvelous so irresistible in this frock that i will endure the discomfort,joy,fear,joy,joy
i can feel is horrible that for someone somewhere theyve felt that bad and worse,sadness,fear,sadness,sadness
i feel like im in such a strange place in life no one to take care of and no one who cares,fear,fear,surprise,sadness
i feel like i get a lot of questions in my list of search phrases that point people here and sometimes i m awfully disturbed at the things that somehow bring my blog up in a search engine,sadness,fear,sadness,sadness
i feel overwhelmed in a good way,fear,fear,surprise,joy
i feel successful as a lazy mom,joy,fear,joy,joy
i dont eat a lot of bread as i find carbohydrates leave me feeling groggy and expand my waistline faster than you can say why the heck dont my jeans fit,sadness,fear,sadness,joy
i suppose i am a bit on occasion but now ive become this horrible annoying person and i feel so strange about it,fear,fear,surprise,sadness
i really love the feel of these lipsticks and these colors are really gorgeous,joy,fear,joy,joy
im down to blogging again simply because im feeling very distracted though im suppose to study cell bio now,anger,fear,anger,joy
i ran upon it while looking for a cute saying to add to address change cards planning ahead and feeling positive,joy,fear,joy,joy
i am glad to know the reason for my recent lapse of sanity but i still feel like i want to go on a very violent rampage at the slightest inconvenience to me,anger,fear,anger,sadness
i cannot remember in which mix i heard this first and not remembering it is making me feeling all irritable,anger,fear,anger,sadness
i feel that stay is important too this word reminds me of a feeling i get sometimes,joy,fear,joy,joy
i want to tell him how i feel how disgusted i am that he can hurt my husband the way he does and then just laugh about it how he treats his grandchildren how he treated my husbands mum and just scream at him to stop being such a selfish bastard because the world does not revolve around him,anger,fear,anger,sadness
i look forward to continuing this challenge and feel so appreciative for the boost to get my nutrition on a healthy track especially for my pregnancy the most important time in my life to be eating healthy,joy,fear,joy,joy
i wont discuss any further made me feel really restless,fear,fear,fear,sadness
i received a lousy results slip ive decided to retain i had the worst first few months in school i made friends in class friends who made my life easier in school who made me feel more accepted in the class,love,fear,joy,joy
i want to give up feel distracted or just need to remind myself of what i am working towards,anger,fear,anger,sadness
i slept deeply and still feel energetic and very well today,joy,fear,joy,joy
i love feeling brave,joy,fear,joy,joy
i also always feel a little scared,fear,fear,fear,sadness
i was not aware of his point of view as a white european who had undertaken this trip as a fulfillment of a childhood dream but maybe because of this awareness i was able to feel the tragic dawning marlowe experiences of humanitys ruthless rapacity and greed,sadness,fear,sadness,sadness
i feel so insulted because of a woman,anger,fear,anger,sadness
i think missy was about to abandon the project all together due to her not feeling like she had enough time but somehow i convinced her to come and finish up the last few songs we needed to have enough material for a full length,joy,fear,joy,joy
i don t want you to feel left out o faithful reader i love you too,love,fear,love,sadness
i feel more peaceful even though i dont think its very visible yet ive been trying to give less importance to the things that usually bother me like problems of organisation at my school for instance and focus more on trying to be happy and content with small things,joy,fear,joy,sadness
i feel like i should go for a run to expend all this idiotic energy but iv decided to do some homework now instead and store the energy for a social event im going to this evening,sadness,fear,sadness,sadness
i took a day off which is so unusual for me i almost feel naughty,love,fear,love,joy
i feel like i had fake everything,sadness,fear,sadness,sadness
i feel like special honored guests,joy,fear,joy,joy
i cant tell you the last time i have woken up feeling like i slept well,joy,fear,joy,joy
i dont know if you guys can relate but i always like to feel welcomed and see a smiling face when im having a spa treatment,joy,fear,joy,joy
i thought it d be and i got full marks on the questions which makes me feel quite clever,joy,fear,joy,joy
i am not normally the kind of person who gets emotional upon meeting a public figure but as strange as it sounds seeing you yesterday for the first time ever the feeling came over me was the feeling one might feel upon seeing a beloved favorite loving aunt lol,love,fear,surprise,joy
i think ive been feeling sentimental recently too,sadness,fear,sadness,sadness
i am now feeling the onset of an unpleasant sort of tourist panic,sadness,fear,sadness,sadness
i feel most of the time i think i look pretty cute,joy,fear,joy,joy
i feel so paranoid and im really gonna cut down the hours and frequencies of me wearing contact lenses,fear,fear,fear,joy
i always feel very threatened by her when it comes to guys cox you no she gets a lot of contact with the guys i like like my first and bf,fear,fear,fear,joy
i feel so fond of my friends,love,fear,love,joy
i think that now if i were to ride it without you or with another person present i would feel disheartened,sadness,fear,sadness,sadness
i must admit to my feelings of positive jealousy at times when i see their success,joy,fear,joy,joy
i hide this secret inside of me away from everyone because i feel ashamed and like i have no assistance in making it better,sadness,fear,sadness,sadness
i just feel kind of heartless now,anger,fear,anger,sadness
i feel good about the choices i made in terms of our readings,joy,fear,joy,joy
i wouldn t throw it in the ocean but i don t feel i would have missed something in my career if i don t win an oscar,sadness,fear,sadness,joy
i feel i deserve i get depressed,sadness,fear,sadness,sadness
i know that when i am feeling distraught or moody i can depend on you two to put a smile back on my face,fear,fear,fear,sadness
the possibility of having failed the examination,fear,fear,sadness,sadness
i am feeling a little homesick for colorado,sadness,fear,sadness,joy
i accepted his apology because i feel like he s remorseful for how he treated me,sadness,fear,sadness,sadness
i could just feel the joy rage coming at me for that one but i m glad you re feeling back at it and i m also glad we went to yoga tonight because sometimes you just need to know that you re better than your crossfit coach at side plank img src http s,joy,fear,joy,joy
i tried to make a cheerful comment about fitting her in but i feel really unwelcome,sadness,fear,sadness,sadness
i wasnt feeling very optimistic but this would be a nod to the universe that i was trying,joy,fear,joy,joy
i feel so lame and annoying and generally unliked sometimes,sadness,fear,sadness,sadness
when i happen to witness some sadistic acts,anger,fear,anger,sadness
i feel nervous but hes in control pretty soon,fear,fear,fear,joy
i kind of like the feeling that i am longing aching for spring,love,fear,love,joy
i feel sorry for people who work in capital intensive fields posted on a href http zackmdavis,sadness,fear,sadness,joy
i not seeing and feeling the divine,joy,fear,joy,sadness
i got a good feeling from the school and i have a lovely class,love,fear,love,joy
i fall victim to feeling inadequate if i am anywhere short of perfection in what i set of my expectations or what i perceive are the expectations of others,sadness,fear,sadness,sadness
i was talking to elder ditlevsen the other day about my plans at college and things and how you guys were all way excited for me to get back and he told me that he remembered feeling a little nervous as a parent,fear,fear,fear,joy
i am feeling grumpy and irritated,anger,fear,anger,sadness
i know this is not specific for me and almost everyone else has a similar experience but i still can t help but feel appalled,anger,fear,anger,sadness
i feel so unwelcome here now and im leaving tonight once benno finishes his motorcycle lesson,sadness,fear,sadness,joy
i am feeling good and the runs feel normal,joy,fear,joy,joy
i feel so dumb for being honest,sadness,fear,sadness,sadness
i feel that the classroom is extremely dangerous,anger,fear,anger,joy
i learned the hard way and after being here for about three hours you ll feel like you ve been here for months from all the friendly people you ll stop and talk to,joy,fear,joy,joy
i hate the feeling that i can t do anything useful,joy,fear,joy,sadness
when a very close friend with whom i have a very intimate and bodily relationship he had a girlfriend started to avoid me and didnt want to talk to me any more,anger,fear,love,joy
i were alone i would feel more relaxed about taking photos but a camera to me now feels like a device that shouldnt be present at dining tables much like the phone,joy,fear,joy,joy
i was dwelling on the current state of my life i was unsure about my place in life and what i was going to do with it and i was feeling a bit bitter at god because of it,anger,fear,fear,sadness
i had never read the posts i never would have spent the emotional and mental energy to argue with them in my head or feel irritated by them,anger,fear,anger,sadness
i dont think thats what ill do because i feel its just really awkward,sadness,fear,sadness,joy
i used to want to get married so i feel a little heartbroken,sadness,fear,sadness,sadness
i am sleeping better but yet i feel even more exhausted than ever which i just dont understand,sadness,fear,sadness,sadness
i got off in my previous post about how much the app maker leeches upset me at this conference and so i feel like i should mention who i was most impressed with there,surprise,fear,surprise,joy
i don t ever have to fully feel any unpleasant emotion,sadness,fear,sadness,sadness
